District,Search_Name,State,Latitude,Longitude
Adilabad,Adilabad,Telangana,19.67203,78.5359
Agra,Agra,Uttar Pradesh,27.18333,78.01667
Ahmedabad,Ahmedabad,Gujarat,23.02579,72.58727
Ahmednagar,Ahilyanagar,Maharashtra,19.09457,74.73843
Aizawl,Aizawl,Mizoram,23.72894,92.71791
Ajmer,Ajmer,Rajasthan,26.4521,74.63867
Akola,Akola,Maharashtra,20.70957,76.9981
Alappuzha,Alappuzha,Kerala,9.49004,76.3264
Aligarh,Aligarh,Uttar Pradesh,27.88145,78.07464
Almora,Almora,Uttarakhand,29.59713,79.65911
Alwar,Alwar,Rajasthan,27.56246,76.625
Ambala,Ambala,Haryana,30.36099,76.79782
Amethi,Amethi,Uttar Pradesh,26.15696,81.80519
Amravati,Amravati,Maharashtra,20.93333,77.75
Amreli,Amreli,Gujarat,21.59983,71.21169
Amritsar,Amritsar,Punjab,31.62234,74.87534
Amroha,Amroha,Uttar Pradesh,28.90314,78.46984
Anand,Anand,Gujarat,22.55251,72.9552
Anuppur,Anuppur,Rajasthan,25.29849,75.52175
Araria,Araria,Bihar,26.14934,87.51323
Ariyalur,Ariyalur,Tamil Nadu,11.13849,79.07556
Arwal,Arwal,Bihar,25.24281,84.66571
Ashoknagar,Ashoknagar,Madhya Pradesh,24.57578,77.73123
Auraiya,Auraiya,Uttar Pradesh,26.46517,79.50918
Aurangabad,Aurangabad,Maharashtra,19.87757,75.34226
Ayodhya,Ayodhya,Uttar Pradesh,26.79909,82.2047
Azamgarh,Azamgarh,Uttar Pradesh,26.06832,83.18358
Bageshwar,Bageshwar,Uttarakhand,29.83738,79.77161
Baghpat,Baghpat,Uttar Pradesh,28.94485,77.21865
Bahraich,Bahraich,Uttar Pradesh,27.57429,81.59474
Balaghat,Balaghat,Madhya Pradesh,21.8156,80.18845
Balangir,Balangir,Odisha,20.70419,83.49029
Baleshwar,Baleshwar,Odisha,21.49266,86.93348
Ballari,Ballari,Karnataka,15.14205,76.92398
Ballia,Ballia,Uttar Pradesh,28.20069,79.36668
Balrampur,Balrampur,Uttar Pradesh,27.42949,82.18545
Banda,Banda,Uttar Pradesh,25.47758,80.33491
Banka,Banka,Bihar,24.88091,86.92257
Bankura,Bankura,West Bengal,23.23241,87.0716
Banswara,Banswara,Rajasthan,23.54109,74.4425
Bara Banki,Bara Banki,Uttar Pradesh,26.92384,81.17927
Baran,Baran,Rajasthan,25.1,76.51667
Bareilly,Bareilly,Uttar Pradesh,28.36678,79.43167
Bargarh,Bargarh,Odisha,21.33348,83.61905
Barmer,Barmer,Rajasthan,25.74572,71.39211
Barnala,Barnala,Punjab,30.37451,75.5487
Barpeta,Barpeta,Assam,26.32293,91.00632
Barwani,Barwani,Madhya Pradesh,22.03232,74.89982
Bastar,Bastar,Chhattisgarh,19.20306,81.92959
Basti,Basti,Uttar Pradesh,26.78817,82.71617
Bathinda,Bathinda,Punjab,30.20747,74.93893
Beed,Beed,Maharashtra,18.98921,75.75634
Begusarai,Begusarai,Bihar,25.41853,86.13389
Belagavi,Belagavi,Karnataka,15.85212,74.50447
Betul,Betul,Madhya Pradesh,21.90056,77.90229
Bhadohi,Bhadohi,Uttar Pradesh,25.39526,82.5703
Bhadrak,Bhadrak,Odisha,21.05447,86.5156
Bhagalpur,Bhagalpur,Bihar,25.24446,86.97183
Bhandara,Bhandara,Maharashtra,21.16817,79.64885
Bharatpur,Bharatpur,Rajasthan,27.21731,77.49009
Bharuch,Bharuch,Gujarat,21.69482,72.9805
Bhavnagar,Bhavnagar,Gujarat,21.76287,72.15331
Bhilwara,Bhilwara,Rajasthan,25.34707,74.64081
Bhind,Bhind,Madhya Pradesh,26.56671,78.78728
Bhiwani,Bhiwani,Haryana,28.79304,76.13968
Bhojpur,Bhojpur,Bihar,25.58409,84.12653
Bhopal,Bhopal,Madhya Pradesh,23.25469,77.40289
Bijapur,Bijapur,Chhattisgarh,18.79387,80.81599
Bijnor,Bijnor,Uttar Pradesh,29.373,78.13636
Bikaner,Bikaner,Rajasthan,28.01762,73.31495
Bilaspur,Bilaspur,Himachal Pradesh,31.33027,76.75663
Bishnupur,Bishnupur,Manipur,24.62845,93.76179
Biswanath,Biswanath,Assam,26.72577,93.14659
Bokaro,Bokaro,Jharkhand,23.66934,86.15161
Bongaigaon,Bongaigaon,Assam,26.47703,90.55815
Botad,Botad,Gujarat,22.16917,71.66671
Budaun,Budaun,Uttar Pradesh,28.03811,79.12668
Bulandshahr,Bulandshahr,Uttar Pradesh,28.40392,77.85773
Bundi,Bundi,Rajasthan,25.43855,75.63735
Burhanpur,Burhanpur,Madhya Pradesh,21.30868,76.23026
Buxar,Buxar,Bihar,25.57548,83.98043
Chamba,Chamba,Himachal Pradesh,32.55531,76.12647
Chamoli,Chamoli,Uttarakhand,30.40271,79.33303
Champawat,Champawat,Uttarakhand,29.33501,80.07783
Chandauli,Chandauli,Uttar Pradesh,25.25803,83.26825
Chandel,Chandel,Manipur,24.32987,94.00379
Chandigarh,Chandigarh,Chandigarh,30.73629,76.7884
Chandrapur,Chandrapur,Maharashtra,19.95076,79.29523
Charki Dadri,Charki Dadri,Haryana,28.59166,76.27161
Chatra,Chatra,Jharkhand,24.20645,84.87085
Chengalpattu,Chengalpattu,Tamil Nadu,12.69184,79.97661
Chennai,Chennai,Tamil Nadu,13.08784,80.27847
Chhatarpur,Chhatarpur,Madhya Pradesh,24.9177,79.58871
Chhindwara,Chhindwara,Madhya Pradesh,22.05697,78.93958
Chikkamagaluru,Chikkamagaluru,Karnataka,13.32231,75.774
Chikodi,Chikodi,Karnataka,16.42898,74.58591
Chitradurga,Chitradurga,Karnataka,14.22262,76.40038
Chitrakoot,Chitrakoot,Uttar Pradesh,25.21473,80.91645
Chittoor,Chittoor,Andhra Pradesh,13.21055,79.0956
Chittorgarh,Chittorgarh,Rajasthan,24.88963,74.62403
Chota Udaipur,Chota Udaipur,Gujarat,22.30401,74.0158
Churachandpur,Churachandpur,Manipur,24.33353,93.66999
Churu,Churu,Rajasthan,28.30415,74.96718
Coimbatore,Coimbatore,Tamil Nadu,11.00555,76.96612
Cooch Behar,Cooch Behar,West Bengal,26.32539,89.44508
Cuddalore,Cuddalore,Tamil Nadu,11.75617,79.76693
Cuttack,Cuttack,Odisha,20.46497,85.87927
Damoh,Damoh,Madhya Pradesh,23.83312,79.4419
Darbhanga,Darbhanga,Bihar,26.15216,85.89707
Darjeeling,Darjeeling,West Bengal,27.03333,88.26667
Darrang,Darrang,Assam,26.63333,92.8
Datia,Datia,Madhya Pradesh,25.67312,78.45908
Dausa,Dausa,Rajasthan,26.89,76.33584
Davangere,Davangere,Karnataka,14.46693,75.92694
Dehradun,Dehradun,Uttarakhand,30.32443,78.03392
Deogarh,Deogarh,Odisha,21.53827,84.73337
Deoria,Deoria,Uttar Pradesh,26.50167,83.77936
Dewas,Dewas,Madhya Pradesh,22.96585,76.05526
Dhamtari,Dhamtari,Chhattisgarh,20.70718,81.54874
Dhar,Dhar,Madhya Pradesh,22.59373,75.29774
Dharashiv,Dharashiv,Maharashtra,18.18158,76.03889
Dharmapuri,Dharmapuri,Tamil Nadu,12.1277,78.15794
Dharwad,Dharwad,Karnataka,15.46005,75.00778
Dhemaji,Dhemaji,Assam,27.48333,94.58333
Dhenkanal,Dhenkanal,Odisha,20.65744,85.59693
Dholpur,Dholpur,Rajasthan,26.69286,77.87968
Dhubri,Dhubri,Assam,26.01856,89.98564
Dhule,Dhule,Maharashtra,20.9013,74.77737
Dibrugarh,Dibrugarh,Assam,27.47989,94.90837
Dindigul,Dindigul,Tamil Nadu,10.36896,77.98036
Dungarpur,Dungarpur,Rajasthan,23.84306,73.71466
Durg,Durg,Chhattisgarh,21.19147,81.27619
Ernakulam,Ernakulam,Kerala,9.96714,76.29036
Erode,Erode,Tamil Nadu,11.3428,77.72741
Etah,Etah,Uttar Pradesh,27.55879,78.65692
Etawah,Etawah,Uttar Pradesh,26.77615,79.02133
Faridabad,Faridabad,Haryana,28.41124,77.31316
Faridkot,Faridkot,Punjab,30.67399,74.75579
Farrukhabad,Farrukhabad,Uttar Pradesh,27.39134,79.5793
Fatehabad,Fatehabad,Haryana,29.51525,75.45554
Fatehpur,Fatehpur,Uttar Pradesh,25.92774,80.81266
Fazilka,Fazilka,Punjab,30.40207,74.02836
Ferozepur,Ferozepur,Punjab,30.92574,74.61311
Firozabad,Firozabad,Uttar Pradesh,27.15092,78.39781
Gadag,Gadag,Karnataka,15.42977,75.62971
Gadchiroli,Gadchiroli,Maharashtra,20.18061,80.00522
Gandhinagar,Gandhinagar,Gujarat,23.21667,72.68333
Gangtok,Gangtok,Sikkim,27.32574,88.61216
Ganjam,Ganjam,Odisha,19.31151,84.7929
Garhwa,Garhwa,Jharkhand,24.16002,83.80755
Garhwal,Garhwal,Uttarakhand,29.26211,79.18541
Gaya,Gaya,Bihar,24.79686,85.00385
Ghaziabad,Ghaziabad,Uttar Pradesh,28.66535,77.43915
Ghazipur,Ghazipur,Uttar Pradesh,25.58333,83.58526
Giridih,Giridih,Jharkhand,24.18622,86.30875
Goalpara,Goalpara,Assam,26.17668,90.62634
Godda,Godda,Jharkhand,24.827,87.2125
Golaghat,Golaghat,Assam,26.51167,93.95951
Gonda,Gonda,Uttar Pradesh,27.83126,77.87907
Gondia,Gondia,Maharashtra,21.46026,80.19205
Gopalganj,Gopalganj,Bihar,26.46734,84.44041
Gorakhpur,Gorakhpur,Uttar Pradesh,26.76628,83.36889
Gumla,Gumla,Jharkhand,23.04268,84.54429
Guna,Guna,Madhya Pradesh,24.64691,77.3113
Guntur,Guntur,Andhra Pradesh,16.29974,80.45729
Gurdaspur,Gurdaspur,Punjab,32.03933,75.40318
Gurugram,Gurugram,Haryana,28.4601,77.02635
Gwalior,Gwalior,Madhya Pradesh,26.22983,78.17337
Gyalshing,Gyalshing,Sikkim,27.28952,88.25764
Hailakandi,Hailakandi,Assam,24.68394,92.56097
Hamirpur,Hamirpur,Uttar Pradesh,25.9553,80.14842
Hanumangarh,Hanumangarh,Rajasthan,29.58182,74.32938
Hapur,Hapur,Uttar Pradesh,28.72985,77.78068
Harda,Harda,Madhya Pradesh,22.34414,77.09536
Hardoi,Hardoi,Uttar Pradesh,27.39491,80.13165
Haridwar,Haridwar,Uttarakhand,29.94791,78.16025
Hassan,Hassan,Karnataka,13.00715,76.0962
Hathras,Hathras,Uttar Pradesh,27.59551,78.05201
Haveri,Haveri,Karnataka,14.79354,75.40448
Hazaribagh,Hazaribagh,Jharkhand,23.99241,85.36162
Hingoli,Hingoli,Maharashtra,19.71464,77.14238
Hisar,Hisar,Haryana,29.15394,75.72294
Hojai,Hojai,Assam,26.00281,92.85605
Hooghly,Hooghly,West Bengal,22.90877,88.39674
Hoshiarpur,Hoshiarpur,Punjab,31.53723,75.91269
Howrah,Howrah,West Bengal,22.57688,88.31857
Hyderabad,Hyderabad,Telangana,17.38405,78.45636
Idukki,Idukki,Kerala,9.85,76.96667
Indore,Indore,Madhya Pradesh,22.71792,75.8333
Jabalpur,Jabalpur,Madhya Pradesh,23.16697,79.95006
Jagatsinghapur,Jagatsinghapur,Odisha,20.2557,86.17112
Jagdalpur,Jagdalpur,Chhattisgarh,19.08136,82.02131
Jaipur,Jaipur,Rajasthan,26.91962,75.78781
Jaisalmer,Jaisalmer,Rajasthan,26.91763,70.90387
Jalandhar,Jalandhar,Punjab,31.32556,75.57917
Jalaun,Jalaun,Uttar Pradesh,26.1451,79.3366
Jalgaon,Jalgaon,Maharashtra,21.00292,75.56602
Jalna,Jalna,Maharashtra,19.84102,75.88636
Jalpaiguri,Jalpaiguri,West Bengal,26.51667,88.73333
Jammu,Jammu,Jammu and Kashmir,32.73528,74.86167
Jamnagar,Jamnagar,Gujarat,22.47292,70.06673
Jamui,Jamui,Bihar,24.92606,86.22531
Jaunpur,Jaunpur,Uttar Pradesh,25.75356,82.68689
Jehanabad,Jehanabad,Bihar,25.21368,84.9871
Jhabua,Jhabua,Madhya Pradesh,22.76772,74.59087
Jhajjar,Jhajjar,Haryana,28.6063,76.6565
Jhalawar,Jhalawar,Rajasthan,24.59633,76.16499
Jhansi,Jhansi,Uttar Pradesh,25.45887,78.57994
Jharsuguda,Jharsuguda,Odisha,21.85531,84.00698
Jhunjhunu,Jhunjhunu,Rajasthan,28.12559,75.39797
Jind,Jind,Haryana,29.31577,76.31502
Jiribam,Jiribam,Manipur,24.80427,93.12148
Jodhpur,Jodhpur,Rajasthan,26.26841,73.00594
Jorhat,Jorhat,Assam,26.75751,94.20306
Junagadh,Junagadh,Gujarat,21.51966,70.45981
Kaithal,Kaithal,Haryana,29.80153,76.39959
Kakching,Kakching,Manipur,24.4982,93.98126
Kalaburagi,Kalaburagi,Karnataka,17.33583,76.83757
Kalahandi,Kalahandi,Odisha,20.13661,85.0799
Kalimpong,Kalimpong,West Bengal,27.03461,88.63084
Kallakurichi,Kallakurichi,Tamil Nadu,11.73379,78.95925
Kamjong,Kamjong,Manipur,24.85846,94.51549
Kangpokpi,Kangpokpi,Manipur,25.15273,93.97167
Kangra,Kangra,Himachal Pradesh,32.09135,76.26267
Kannauj,Kannauj,Uttar Pradesh,27.05524,79.9188
Kanniyakumari,Kanniyakumari,Tamil Nadu,8.09008,77.53841
Kannur,Kannur,Kerala,11.86752,75.35763
Kapurthala,Kapurthala,Punjab,31.38011,75.38105
Karauli,Karauli,Rajasthan,26.49831,77.02755
Kargil,Kargil,Ladakh,34.55765,76.12622
Karimganj,Karimganj,Assam,24.86919,92.35543
Karimnagar,Karimnagar,Telangana,18.43915,79.12856
Karnal,Karnal,Haryana,29.69197,76.98448
Karur,Karur,Tamil Nadu,10.95771,78.08095
Kasaragod,Kasaragod,Kerala,12.49838,74.98959
Kasganj,Kasganj,Uttar Pradesh,27.80882,78.64579
Katihar,Katihar,Bihar,25.53852,87.57044
Katni,Katni,Madhya Pradesh,23.83776,80.39405
Kendrapara,Kendrapara,Odisha,20.50166,86.42227
Kendujhar,Kendujhar,Odisha,21.51945,83.36356
Khagaria,Khagaria,Bihar,25.5022,86.46708
Khammam,Khammam,Telangana,17.24767,80.14368
Kheda,Kheda,Gujarat,22.75218,72.68533
Kheri,Kheri,Uttar Pradesh,27.90354,80.79754
Khordha,Khordha,Odisha,20.18268,85.61629
Khowai,Khowai,Tripura,24.07964,91.59972
Khunti,Khunti,Jharkhand,23.07602,85.27818
Khurja,Khurja,Uttar Pradesh,28.25382,77.85535
Kinnaur,Kinnaur,Himachal Pradesh,31.52105,78.3628
Kiphire,Kiphire,Nagaland,25.86785,94.78572
Kishanganj,Kishanganj,Bihar,26.10224,87.95534
Kochi,Kochi,Kerala,9.93988,76.26022
Kodagu,Kodagu,Karnataka,13.2996,77.70028
Kohima,Kohima,Nagaland,25.67467,94.11099
Kokrajhar,Kokrajhar,Assam,26.40107,90.27286
Kolar,Kolar,Karnataka,13.13768,78.12999
Kolasib,Kolasib,Mizoram,24.22388,92.67869
Kolhapur,Kolhapur,Maharashtra,16.69563,74.23167
Kolkata,Kolkata,West Bengal,22.56263,88.36304
Kollam,Kollam,Kerala,8.88113,76.58469
Koppal,Koppal,Karnataka,15.34522,76.15478
Koraput,Koraput,Odisha,18.81199,82.71048
Korba,Korba,Chhattisgarh,22.3458,82.69633
Kota,Kota,Rajasthan,25.18254,75.83907
Kottayam,Kottayam,Kerala,9.58692,76.52132
Kozhikode,Kozhikode,Kerala,11.24802,75.7804
Krishna,Krishna,Andhra Pradesh,17.60293,82.4215
Krishnagiri,Krishnagiri,Tamil Nadu,12.51921,78.21382
Kullu,Kullu,Himachal Pradesh,31.95835,77.10823
Kurnool,Kurnool,Andhra Pradesh,15.82887,78.03602
Kurukshetra,Kurukshetra,Haryana,29.9657,76.837
Kushinagar,Kushinagar,Uttar Pradesh,26.74134,83.88689
Lakhimpur,Lakhimpur,Assam,27.23517,94.10357
Lalitpur,Lalitpur,Uttar Pradesh,24.69007,78.41915
Latur,Latur,Maharashtra,18.39721,76.56784
Lawngtlai,Lawngtlai,Mizoram,22.53254,92.89902
Lucknow,Lucknow,Uttar Pradesh,26.83928,80.92313
Ludhiana,Ludhiana,Punjab,30.91204,75.85379
Lunglei,Lunglei,Mizoram,22.89247,92.74218
Madhepura,Madhepura,Bihar,25.92127,86.79271
Madhubani,Madhubani,Bihar,26.35367,86.07169
Madurai,Madurai,Tamil Nadu,9.919,78.11953
Mahasamund,Mahasamund,Chhattisgarh,21.10743,82.0948
Mahendragarh,Mahendragarh,Haryana,28.26935,76.15253
Mahesana,Mahesana,Gujarat,23.59864,72.38472
Mahoba,Mahoba,Uttar Pradesh,25.2905,79.87533
Mainpuri,Mainpuri,Uttar Pradesh,27.22857,79.02882
Majuli,Majuli,Assam,26.95,94.16667
Malappuram,Malappuram,Kerala,11.04199,76.08154
Malda,Malda,Madhya Pradesh,22.14416,78.29957
Mamit,Mamit,Mizoram,23.92703,92.48968
Manali,Manali,Himachal Pradesh,32.2574,77.17481
Mandi,Mandi,Himachal Pradesh,31.71194,76.93273
Mandla,Mandla,Madhya Pradesh,22.59879,80.37115
Mandsaur,Mandsaur,Madhya Pradesh,24.07184,75.06986
Mandya,Mandya,Karnataka,12.5223,76.89746
Mangalore,Mangalore,Karnataka,12.84654,74.84056
Mangan,Mangan,Sikkim,27.50965,88.52206
Mansa,Mansa,Punjab,29.98844,75.40167
Mathura,Mathura,Uttar Pradesh,27.5035,77.67215
Mau,Mau,Uttar Pradesh,25.94167,83.56111
Mayurbhanj,Mayurbhanj,Odisha,21.93458,86.72852
Medak,Medak,Telangana,18.04531,78.26078
Meerut,Meerut,Uttar Pradesh,28.98002,77.70636
Mirpur,Mirpur,Jammu and Kashmir,32.37561,75.44007
Mirzapur,Mirzapur,Uttar Pradesh,25.1449,82.56534
Moga,Moga,Punjab,30.81383,75.16878
Moradabad,Moradabad,Uttar Pradesh,28.83893,78.77684
Morena,Morena,Madhya Pradesh,26.49892,77.99534
Mumbai,Mumbai,Maharashtra,19.07283,72.88261
Mungeli,Mungeli,Chhattisgarh,22.06566,81.68543
Munger,Munger,Bihar,25.37459,86.47455
Murshidabad,Murshidabad,West Bengal,24.1839,88.27171
Muzaffarnagar,Muzaffarnagar,Uttar Pradesh,29.47091,77.70332
Muzaffarpur,Muzaffarpur,Bihar,26.12259,85.39055
Mysuru,Mysuru,Karnataka,12.29791,76.63925
Nagaon,Nagaon,Assam,26.35,92.66667
Nagapattinam,Nagapattinam,Tamil Nadu,10.76377,79.84313
Nagaur,Nagaur,Rajasthan,27.20201,73.73394
Nagpur,Nagpur,Maharashtra,21.14631,79.08491
Nainital,Nainital,Uttarakhand,29.39743,79.44686
Nalbari,Nalbari,Assam,26.43937,91.44041
Nalgonda,Nalgonda,Telangana,17.05439,79.26707
Namakkal,Namakkal,Tamil Nadu,11.22126,78.16524
Namchi,Namchi,Sikkim,27.16494,88.3638
Nanded,Nanded,Maharashtra,19.16023,77.31497
Nandurbar,Nandurbar,Maharashtra,21.36671,74.24051
Narayanpet,Narayanpet,Telangana,16.74799,77.4954
Narayanpur,Narayanpur,Chhattisgarh,19.71794,81.24437
Narmadapuram,Narmadapuram,Madhya Pradesh,22.74747,77.72736
Narsimhapur,Narsimhapur,Madhya Pradesh,22.94936,79.18357
Nashik,Nashik,Maharashtra,19.99727,73.79096
Navsari,Navsari,Gujarat,20.94237,72.92467
Nawada,Nawada,Bihar,24.8867,85.54364
Nayagarh,Nayagarh,Odisha,20.12882,85.09626
Niwari,Niwari,Rajasthan,26.18675,76.53276
Nizamabad,Nizamabad,Telangana,18.67154,78.0988
Nuapada,Nuapada,Odisha,20.8167,82.5333
Nuh,Nuh,Haryana,28.10296,77.00144
Palakkad,Palakkad,Kerala,10.77319,76.65366
Palamu,Palamu,Jharkhand,23.82945,85.96086
Palghar,Palghar,Maharashtra,19.69693,72.76543
Pali,Pali,Rajasthan,25.77276,73.32335
Palwal,Palwal,Haryana,28.14469,77.32546
Panchkula,Panchkula,Haryana,30.69461,76.8504
Panipat,Panipat,Haryana,29.38747,76.96825
Panna,Panna,Madhya Pradesh,24.72094,80.18772
Parbhani,Parbhani,Maharashtra,19.26855,76.77081
Patan,Patan,Gujarat,23.8507,72.12963
Pathanamthitta,Pathanamthitta,Kerala,9.26667,76.78333
Pathankot,Pathankot,Punjab,32.27484,75.65287
Patiala,Patiala,Punjab,30.33625,76.3922
Patna,Patna,Bihar,25.59408,85.13563
Peddapalli,Peddapalli,Andhra Pradesh,18.35,84.13333
Perambalur,Perambalur,Tamil Nadu,11.23333,78.88333
Pherzawl,Pherzawl,Manipur,24.26227,93.18873
Pilibhit,Pilibhit,Uttar Pradesh,28.63124,79.80436
Pithoragarh,Pithoragarh,Uttarakhand,29.58349,80.20947
Porbandar,Porbandar,Gujarat,21.64219,69.60929
Pratapgarh,Pratapgarh,Uttar Pradesh,25.92058,81.99629
Prayagraj,Prayagraj,Uttar Pradesh,25.44478,81.84322
Pudukkottai,Pudukkottai,Tamil Nadu,10.38128,78.82141
Pune,Pune,Maharashtra,18.51957,73.85535
Puri,Puri,Odisha,19.79825,85.82494
Purnia,Purnia,Bihar,25.77895,87.47422
Purulia,Purulia,West Bengal,23.33062,86.36303
Rae Bareli,Rae Bareli,Uttar Pradesh,26.2309,81.23315
Raichur,Raichur,Karnataka,16.20546,77.35567
Raipur,Raipur,Chhattisgarh,21.23333,81.63333
Raisen,Raisen,Madhya Pradesh,23.33033,77.7811
Rajgarh,Rajgarh,Madhya Pradesh,24.00826,76.7325
Rajkot,Rajkot,Gujarat,22.29161,70.79322
Rajsamand,Rajsamand,Rajasthan,25.07145,73.8798
Ramanathapuram,Ramanathapuram,Tamil Nadu,9.37158,78.83077
Ramgarh,Ramgarh,Jharkhand,23.6303,85.52156
Rampur,Rampur,Uttar Pradesh,28.81014,79.02699
Ranchi,Ranchi,Jharkhand,23.34316,85.3094
Ranipet,Ranipet,Tamil Nadu,12.92471,79.33331
Ratlam,Ratlam,Madhya Pradesh,23.33033,75.04032
Ratnagiri,Ratnagiri,Maharashtra,16.99154,73.31022
Rayagada,Rayagada,Odisha,19.17132,83.41428
Rewa,Rewa,Madhya Pradesh,24.53256,81.29234
Rewari,Rewari,Haryana,28.199,76.6183
Rohtak,Rohtak,Haryana,28.89447,76.58917
Rohtas,Rohtas,Bihar,24.62978,83.92
Rupnagar,Rupnagar,Punjab,30.21013,73.99427
Sagar,Sagar,Madhya Pradesh,23.83877,78.73874
Saharanpur,Saharanpur,Uttar Pradesh,29.9679,77.54522
Saharsa,Saharsa,Bihar,25.87498,86.59611
Salem,Salem,Tamil Nadu,11.65376,78.15538
Samastipur,Samastipur,Bihar,25.86222,85.77953
Sambalpur,Sambalpur,Odisha,21.46527,83.97573
Sambhal,Sambhal,Uttar Pradesh,28.58498,78.56959
Sangli,Sangli,Maharashtra,16.85438,74.56417
Sangrur,Sangrur,Punjab,30.24506,75.84488
Saran,Saran,Bihar,25.69336,85.1718
Satara,Satara,Maharashtra,17.68589,73.99333
Satna,Satna,Madhya Pradesh,24.57726,80.82719
Sawai Madhopur,Sawai Madhopur,Rajasthan,26.02301,76.34408
Sehore,Sehore,Madhya Pradesh,23.2,77.08333
Seoni,Seoni,Madhya Pradesh,22.08503,79.55037
Serchhip,Serchhip,Mizoram,23.29312,92.84679
Shahjahanpur,Shahjahanpur,Uttar Pradesh,27.88165,79.90918
Shajapur,Shajapur,Madhya Pradesh,23.42637,76.27775
Shamli,Shamli,Uttar Pradesh,29.4497,77.30959
Sheikhpura,Sheikhpura,Bihar,25.13994,85.84096
Sheohar,Sheohar,Bihar,26.51393,85.29341
Sheopur,Sheopur,Madhya Pradesh,25.66472,76.69616
Shimla,Shimla,Himachal Pradesh,31.10442,77.16662
Shivamogga,Shivamogga,Karnataka,13.93157,75.56791
Shivpuri,Shivpuri,Madhya Pradesh,25.42378,77.66223
Sidhi,Sidhi,Rajasthan,26.89733,78.23494
Sikar,Sikar,Rajasthan,27.61206,75.13996
Silchar,Silchar,Assam,24.82733,92.79787
Siliguri,Siliguri,West Bengal,26.71004,88.42851
Sindhudurg,Sindhudurg,Maharashtra,15.99894,73.5347
Singrauli,Singrauli,Madhya Pradesh,24.19973,82.67535
Sirohi,Sirohi,Rajasthan,24.88838,72.84794
Sirsa,Sirsa,Haryana,29.53489,75.02898
Sitamarhi,Sitamarhi,Bihar,26.59357,85.4906
Sitapur,Sitapur,Uttar Pradesh,27.56192,80.68265
Sivaganga,Sivaganga,Tamil Nadu,9.84701,78.48358
Siwan,Siwan,Bihar,26.22096,84.35609
Solan,Solan,Himachal Pradesh,30.90908,77.10869
Solapur,Solapur,Maharashtra,17.67152,75.91044
Sonipat,Sonipat,Haryana,28.99478,77.01937
Sonitpur,Sonitpur,Assam,26.78196,92.44907
Srikakulam,Srikakulam,Andhra Pradesh,18.2989,83.89751
Subarnapur,Subarnapur,Odisha,20.87612,84.3709
Sukma,Sukma,Chhattisgarh,18.39014,81.65941
Sultanpur,Sultanpur,Uttar Pradesh,26.25788,82.07269
Supaul,Supaul,Bihar,26.11527,86.59509
Surat,Surat,Gujarat,21.19594,72.83023
Surendranagar,Surendranagar,Gujarat,22.72706,71.64856
Surguja,Surguja,Chhattisgarh,22.41798,82.46992
Suryapet,Suryapet,Telangana,17.14054,79.62045
Tamenglong,Tamenglong,Manipur,25.0164,93.48545
Tarn Taran,Tarn Taran,Punjab,31.45191,74.92777
Tengnoupal,Tengnoupal,Manipur,24.3855,94.1472
Tenkasi,Tenkasi,Tamil Nadu,8.96003,77.31525
Thane,Thane,Maharashtra,19.19704,72.96355
Thanjavur,Thanjavur,Tamil Nadu,10.78523,79.13909
Theni,Theni,Tamil Nadu,10.01115,77.47772
Thiruvananthapuram,Thiruvananthapuram,Kerala,8.4855,76.94924
Thiruvarur,Thiruvarur,Tamil Nadu,10.77269,79.6368
Thoubal,Thoubal,Manipur,24.63881,93.99639
Thrissur,Thrissur,Kerala,10.51667,76.21667
Tikamgarh,Tikamgarh,Madhya Pradesh,24.74327,78.83061
Tinsukia,Tinsukia,Assam,27.48905,95.35992
Tiruchirappalli,Tiruchirappalli,Tamil Nadu,10.8155,78.69651
Tirunelveli,Tirunelveli,Tamil Nadu,8.72742,77.6838
Tiruppur,Tiruppur,Tamil Nadu,11.11541,77.35456
Tiruvannamalai,Tiruvannamalai,Tamil Nadu,12.22662,79.07461
Tonk,Tonk,Rajasthan,26.16638,75.78824
Tumakuru,Tumakuru,Karnataka,13.34136,77.1022
Udaipur,Udaipur,Rajasthan,24.58584,73.71346
Udalguri,Udalguri,Assam,26.75367,92.10215
Udupi,Udupi,Karnataka,13.33467,74.74617
Ujjain,Ujjain,Madhya Pradesh,23.18239,75.77643
Ukhrul,Ukhrul,Manipur,25.11957,94.36417
Umaria,Umaria,Madhya Pradesh,23.52473,80.83716
Una,Una,Himachal Pradesh,31.46493,76.26914
Unnao,Unnao,Uttar Pradesh,26.54706,80.48781
Vadodara,Vadodara,Gujarat,22.29941,73.20812
Vaishali,Vaishali,Bihar,25.99197,85.08156
Valsad,Valsad,Gujarat,20.61013,72.93428
Varanasi,Varanasi,Uttar Pradesh,25.31668,83.01041
Vellore,Vellore,Tamil Nadu,12.9184,79.13255
Vidisha,Vidisha,Madhya Pradesh,23.52604,77.81092
Vijayapura,Vijayapura,Karnataka,16.82442,75.71537
Vikarabad,Vikarabad,Telangana,17.3381,77.90441
Visakhapatnam,Visakhapatnam,Andhra Pradesh,17.68009,83.20161
Vizianagaram,Vizianagaram,Andhra Pradesh,18.11692,83.41148
Warangal,Warangal,Telangana,18.0,79.58333
Wardha,Wardha,Maharashtra,20.73933,78.59784
Washim,Washim,Maharashtra,20.11128,77.133
West Godavari,West Godavari,Andhra Pradesh,16.71311,81.10437
Yadgir,Yadgir,Karnataka,16.77007,77.13755
Yamunanagar,Yamunanagar,Haryana,30.12796,77.28371
Yavatmal,Yavatmal,Maharashtra,20.39324,78.13201
Zunheboto,Zunheboto,Nagaland,25.96667,94.51667
howrah,howrah,West Bengal,22.57688,88.31857
